timestamp,epoch,eval_loss,eval_accuracy
2025-05-05T22:37:49,0.37678975131876413,0.3772813379764557,0.911864406779661
2025-05-05T22:40:03,0.7535795026375283,0.25476500391960144,0.9278165503489532
2025-05-05T22:42:15,1.1303692539562924,0.2294120341539383,0.9369890329012961
2025-05-05T22:44:33,1.5071590052750565,0.21657435595989227,0.9439680957128614
2025-05-05T22:46:52,1.8839487565938207,0.22458121180534363,0.9391824526420738
2025-05-05T22:49:10,2.260738507912585,0.23545391857624054,0.9361914257228315
2025-05-05T22:51:28,2.637528259231349,0.21336737275123596,0.9435692921236292
2025-05-05T22:58:59,0.37678975131876413,0.37670621275901794,0.905284147557328
2025-05-05T23:01:12,0.7535795026375283,0.2505110502243042,0.9312063808574277
2025-05-05T23:03:27,1.1303692539562924,0.23035532236099243,0.9316051844466601
2025-05-05T23:05:40,1.5071590052750565,0.22856411337852478,0.9349950149551346
2025-05-05T23:07:54,1.8839487565938207,0.2237837314605713,0.9335992023928216
2025-05-05T23:10:07,2.260738507912585,0.28235864639282227,0.9244267198404785
2025-05-05T23:12:20,2.637528259231349,0.23190486431121826,0.9403788634097707
2025-05-05T23:14:33,3.014318010550113,0.22684486210346222,0.9399800598205383
2025-05-05T23:16:47,3.391107761868877,0.2288563996553421,0.9445663010967099
2025-05-05T23:19:00,3.7678975131876413,0.26589587330818176,0.9349950149551346
2025-05-05T23:21:13,4.1446872645064055,0.22313085198402405,0.9493519441674975
2025-05-05T23:23:26,4.52147701582517,0.24825020134449005,0.9429710867397807
2025-05-05T23:25:40,4.898266767143934,0.30201318860054016,0.9363908275174476
2025-05-05T23:27:53,5.275056518462698,0.2631761431694031,0.9467597208374875
2025-05-05T23:28:12,5.275056518462698,0.26710978150367737,0.9481451934583167
2025-05-06T01:23:51,0.37678975131876413,0.3863997459411621,0.9076769690927219
2025-05-06T01:26:07,0.7535795026375283,0.24091289937496185,0.9347956131605184
2025-05-06T01:28:22,1.1303692539562924,0.22875919938087463,0.9343968095712861
2025-05-06T01:30:36,1.5071590052750565,0.2386249452829361,0.9335992023928216
2025-05-06T01:32:50,1.8839487565938207,0.20820853114128113,0.9437686939182452
2025-05-06T01:35:03,2.260738507912585,0.21543334424495697,0.9397806580259223
2025-05-06T01:37:17,2.637528259231349,0.22605827450752258,0.93938185443669
2025-05-06T01:39:31,3.014318010550113,0.22425967454910278,0.93938185443669
2025-05-06T01:39:36,3.014318010550113,0.20603179931640625,0.9433585959313922
2025-05-06T19:19:47,0.37678975131876413,0.37227770686149597,0.9114656031904287
2025-05-06T19:23:27,0.37678975131876413,0.3644174635410309,0.9124626121635094
2025-05-06T19:25:55,0.7535795026375283,0.2631177604198456,0.9228315054835493
2025-05-06T19:28:21,1.1303692539562924,0.2439039796590805,0.9308075772681954
2025-05-06T19:30:44,1.5071590052750565,0.24087657034397125,0.9296111665004985
2025-05-06T19:33:06,1.8839487565938207,0.22157925367355347,0.9365902293120638
2025-05-06T19:35:26,2.260738507912585,0.2321992963552475,0.9363908275174476
2025-05-06T19:37:52,2.637528259231349,0.22113434970378876,0.9399800598205383
2025-05-06T19:40:22,3.014318010550113,0.22108781337738037,0.9459621136590229
2025-05-06T19:42:47,3.391107761868877,0.21828576922416687,0.9485543369890329
2025-05-06T19:45:13,3.7678975131876413,0.25159522891044617,0.940777666999003
2025-05-06T19:47:40,4.1446872645064055,0.2501153349876404,0.942173479561316
2025-05-06T19:50:01,4.52147701582517,0.25568172335624695,0.9439680957128614
2025-05-06T19:52:31,4.898266767143934,0.26518794894218445,0.9395812562313061
2025-05-06T19:55:02,5.275056518462698,0.2776345908641815,0.9449651046859422
2025-05-06T19:57:33,5.651846269781462,0.30097106099128723,0.9395812562313061
2025-05-06T19:57:40,5.651846269781462,0.29526326060295105,0.9405664140406861
2025-05-06T20:36:14,0.37678975131876413,2.5305657386779785,0.2745762711864407
2025-05-06T20:36:44,0.7535795026375283,2.1310036182403564,0.36490528414755735
2025-05-06T20:37:14,1.1303692539562924,1.7925636768341064,0.45324027916251247
2025-05-06T20:37:43,1.5071590052750565,1.5177069902420044,0.5349950149551346
2025-05-06T20:38:12,1.8839487565938207,1.3216166496276855,0.5896311066799601
2025-05-06T20:38:40,2.260738507912585,1.141505479812622,0.6472582253240279
2025-05-06T20:39:09,2.637528259231349,1.021639347076416,0.6819541375872383
2025-05-06T20:39:37,3.014318010550113,0.8766520023345947,0.7256231306081755
2025-05-06T20:40:05,3.391107761868877,0.7833349108695984,0.7573280159521436
2025-05-06T20:40:34,3.7678975131876413,0.7621346712112427,0.7533399800598205
2025-05-06T20:41:01,4.1446872645064055,0.6636258959770203,0.7884346959122632
2025-05-06T20:41:30,4.52147701582517,0.6473401784896851,0.7916251246261217
2025-05-06T20:41:59,4.898266767143934,0.5933130979537964,0.8173479561316052
2025-05-06T20:42:27,5.275056518462698,0.5738546252250671,0.8169491525423729
2025-05-06T20:42:56,5.651846269781462,0.5719382762908936,0.8173479561316052
2025-05-06T20:43:25,6.028636021100226,0.5209659934043884,0.8327018943170489
2025-05-06T20:43:53,6.40542577241899,0.49496355652809143,0.8436689930209372
2025-05-06T20:44:21,6.782215523737754,0.485617995262146,0.8424725822532403
2025-05-06T20:44:50,7.1590052750565185,0.47007477283477783,0.8480558325024925
2025-05-06T20:45:17,7.535795026375283,0.4822465777397156,0.8478564307078764
2025-05-06T20:45:46,7.912584777694047,0.47614583373069763,0.8522432701894317
2025-05-06T20:46:14,8.289374529012811,0.4177033305168152,0.8664007976071785
2025-05-06T20:46:42,8.666164280331575,0.42703884840011597,0.8638085742771685
2025-05-06T20:47:10,9.04295403165034,0.41931548714637756,0.8701894317048854
2025-05-06T20:47:39,9.419743782969103,0.4207826852798462,0.867198404785643
2025-05-06T20:48:07,9.796533534287867,0.41577738523483276,0.8717846460618146
2025-05-06T20:48:35,10.173323285606632,0.42162302136421204,0.8656031904287138
2025-05-06T20:49:04,10.550113036925396,0.3826482892036438,0.8777666999002991
2025-05-06T20:49:32,10.92690278824416,0.3917525112628937,0.8793619142572283
2025-05-06T20:50:00,11.303692539562924,0.37181663513183594,0.8849451645064805
2025-05-06T20:50:28,11.680482290881688,0.3952989876270294,0.8773678963110668
2025-05-06T20:50:56,12.057272042200452,0.38522616028785706,0.8819541375872383
2025-05-06T20:51:25,12.434061793519216,0.40743333101272583,0.8779661016949153
2025-05-06T20:51:53,12.81085154483798,0.39608681201934814,0.8771684945164506
2025-05-06T20:52:21,13.187641296156745,0.38385090231895447,0.8851445663010967
2025-05-06T20:52:49,13.564431047475509,0.3836461901664734,0.8817547357926221
2025-05-06T20:53:17,13.941220798794273,0.35320618748664856,0.8945164506480558
2025-05-06T20:53:46,14.318010550113037,0.3698289394378662,0.889531405782652
2025-05-06T20:54:13,14.694800301431801,0.3730006814002991,0.8891326021934197
2025-05-06T20:54:43,15.071590052750565,0.3670106828212738,0.8885343968095712
2025-05-06T20:55:11,15.44837980406933,0.36735692620277405,0.8937188434695912
2025-05-06T20:55:39,15.825169555388094,0.3515988290309906,0.8967098703888335
2025-05-06T20:56:08,16.201959306706858,0.3693090081214905,0.8949152542372881
2025-05-06T20:56:35,16.578749058025622,0.3587028682231903,0.8945164506480558
2025-05-06T20:57:04,16.955538809344386,0.36745452880859375,0.8919242273180459
2025-05-06T20:57:33,17.33232856066315,0.3567720651626587,0.8943170488534397
2025-05-06T20:58:05,17.709118311981914,0.3811050057411194,0.8901296111665005
2025-05-06T20:58:34,18.08590806330068,0.34891635179519653,0.9008973080757727
2025-05-06T20:59:03,18.462697814619442,0.34832000732421875,0.9020937188434696
2025-05-06T20:59:31,18.839487565938207,0.3737409710884094,0.8949152542372881
2025-05-06T20:59:59,19.21627731725697,0.3707905411720276,0.8993020937188435
2025-05-06T21:00:27,19.593067068575735,0.36739838123321533,0.9006979062811565
2025-05-06T21:00:56,19.9698568198945,0.3456733226776123,0.9028913260219342
2025-05-06T21:01:25,20.346646571213263,0.36102294921875,0.9028913260219342
2025-05-06T21:01:53,20.723436322532027,0.40477338433265686,0.8885343968095712
2025-05-06T21:02:23,21.10022607385079,0.378900945186615,0.9016949152542373
2025-05-06T21:02:51,21.477015825169556,0.3898753225803375,0.8949152542372881
2025-05-06T21:03:20,21.85380557648832,0.3864441514015198,0.8951146560319043
2025-05-06T21:03:49,22.230595327807084,0.38525381684303284,0.8993020937188435
2025-05-06T21:03:50,22.230595327807084,0.40649083256721497,0.8911049062624651
2025-05-19T17:41:52,0.18839487565938207,3.1238021850585938,0.07776669990029911
2025-05-19T17:42:12,0.37678975131876413,2.8275187015533447,0.15872382851445663
2025-05-19T17:42:32,0.5651846269781462,2.7004101276397705,0.19022931206380858
2025-05-19T17:42:53,0.7535795026375283,2.5951361656188965,0.2217347956131605
2025-05-19T17:43:13,0.9419743782969103,2.416255235671997,0.2570289132602193
2025-05-19T17:43:33,1.1303692539562924,2.2238028049468994,0.3190428713858425
2025-05-19T17:43:54,1.3187641296156745,2.1589999198913574,0.3333998005982054
2025-05-19T17:44:15,1.5071590052750565,1.881016731262207,0.41754735792622133
2025-05-19T17:44:35,1.6955538809344386,1.7564845085144043,0.4568295114656032
2025-05-19T17:44:55,1.8839487565938207,1.5599336624145508,0.5234297108673978
2025-05-19T17:45:15,2.0723436322532027,1.4520434141159058,0.551345962113659
2025-05-19T17:45:35,2.260738507912585,1.316387414932251,0.5858424725822532
2025-05-19T17:45:55,2.449133383571967,1.1589775085449219,0.6528414755732802
2025-05-19T17:46:16,2.637528259231349,1.0913763046264648,0.6648055832502493
2025-05-19T17:49:36,0.18839487565938207,3.2489235401153564,0.057427716849451645
2025-05-19T17:49:57,0.37678975131876413,2.8604753017425537,0.15872382851445663
2025-05-19T17:50:17,0.5651846269781462,2.728651523590088,0.18025922233300098
2025-05-19T17:50:37,0.7535795026375283,2.5528564453125,0.2344965104685942
2025-05-19T17:50:58,0.9419743782969103,2.4133260250091553,0.27577268195413757
2025-05-19T17:51:18,1.1303692539562924,2.189152240753174,0.3383848454636092
2025-05-19T17:51:39,1.3187641296156745,2.0867249965667725,0.3593220338983051
2025-05-19T17:51:59,1.5071590052750565,1.8210062980651855,0.44007976071784644
2025-05-19T17:52:19,1.6955538809344386,1.7883330583572388,0.4406779661016949
2025-05-19T17:52:39,1.8839487565938207,1.546966314315796,0.5270189431704886
2025-05-19T17:52:59,2.0723436322532027,1.4909355640411377,0.5389830508474577
2025-05-19T17:53:18,2.260738507912585,1.3387014865875244,0.5836490528414756
2025-05-19T17:53:38,2.449133383571967,1.2733057737350464,0.6077766699900299
2025-05-19T17:53:57,2.637528259231349,1.1987428665161133,0.6295114656031904
2025-05-19T17:54:17,2.825923134890731,1.1093589067459106,0.6546360917248255
2025-05-19T17:54:37,3.014318010550113,1.0470457077026367,0.6835493519441675
2025-05-19T17:54:56,3.202712886209495,1.0048471689224243,0.6923230309072782
2025-05-19T17:55:15,3.391107761868877,1.0301645994186401,0.6813559322033899
2025-05-19T17:55:34,3.5795026375282593,0.9630456566810608,0.7000997008973081
2025-05-19T17:55:54,3.7678975131876413,0.8666674494743347,0.7351944167497507
2025-05-19T17:56:14,3.9562923888470234,0.8660507798194885,0.7270189431704885
2025-05-19T17:56:32,4.1446872645064055,0.8495311141014099,0.733000997008973
2025-05-19T17:56:50,4.3330821401657875,0.8424809575080872,0.7371884346959122
2025-05-19T17:57:07,4.52147701582517,0.7752329111099243,0.7599202392821536
2025-05-19T17:57:25,4.709871891484552,0.7994875311851501,0.7455633100697906
2025-05-19T17:57:42,4.898266767143934,0.7829283475875854,0.7523429710867398
2025-05-19T17:58:29,0.18839487565938207,3.296642780303955,0.043668993020937186
2025-05-19T17:58:50,0.37678975131876413,3.0075316429138184,0.11984047856430707
2025-05-19T17:59:12,0.5651846269781462,2.8640682697296143,0.1489531405782652
2025-05-19T17:59:33,0.7535795026375283,2.751246452331543,0.18843469591226322
2025-05-19T17:59:54,0.9419743782969103,2.623568296432495,0.2185443668993021
2025-05-19T18:00:14,1.1303692539562924,2.4909987449645996,0.25663010967098704
2025-05-19T18:00:34,1.3187641296156745,2.381992816925049,0.28354935194416747
2025-05-19T18:00:54,1.5071590052750565,2.2227373123168945,0.3178464606181456
2025-05-19T18:01:15,1.6955538809344386,2.1881394386291504,0.3270189431704885
2025-05-19T18:01:36,1.8839487565938207,2.0137131214141846,0.3876370887337986
2025-05-19T18:01:57,2.0723436322532027,1.893700122833252,0.41754735792622133
2025-05-19T18:02:18,2.260738507912585,1.865202784538269,0.4301096709870389
2025-05-19T18:02:38,2.449133383571967,1.6849336624145508,0.49391824526420736
2025-05-19T18:02:59,2.637528259231349,1.6049931049346924,0.5114656031904287
2025-05-19T18:03:19,2.825923134890731,1.6517412662506104,0.4901296111665005
2025-05-19T18:03:40,3.014318010550113,1.4376929998397827,0.5647058823529412
2025-05-19T18:04:00,3.202712886209495,1.3518257141113281,0.5832502492522432
2025-05-19T18:04:21,3.391107761868877,1.3090360164642334,0.5950149551345962
2025-05-19T18:04:42,3.5795026375282593,1.349331259727478,0.5818544366899302
2025-05-19T18:05:02,3.7678975131876413,1.1939548254013062,0.6350947158524427
2025-05-19T18:05:23,3.9562923888470234,1.1184428930282593,0.653838484546361
2025-05-19T18:05:44,4.1446872645064055,1.0954076051712036,0.6594217347956132
2025-05-19T18:06:05,4.3330821401657875,1.008173942565918,0.6915254237288135
2025-05-19T18:06:26,4.52147701582517,0.9611079692840576,0.7088733798604188
2025-05-19T18:06:47,4.709871891484552,0.9834529757499695,0.698703888334995
2025-05-19T18:07:08,4.898266767143934,0.8971453905105591,0.7268195413758723
2025-05-19T18:07:29,5.086661642803316,0.9059910178184509,0.7200398803589232
2025-05-19T18:07:51,5.275056518462698,0.8421804904937744,0.738185443668993
2025-05-19T18:08:11,5.46345139412208,0.8423578143119812,0.7389830508474576
2025-05-19T18:08:32,5.651846269781462,0.805999219417572,0.7477567298105683
2025-05-19T18:08:53,5.840241145440844,0.7338268756866455,0.7726819541375872
2025-05-19T18:09:14,6.028636021100226,0.7377125024795532,0.769690927218345
2025-05-19T18:09:35,6.217030896759608,0.7492657899856567,0.7637088733798604
2025-05-19T18:09:56,6.40542577241899,0.6740686297416687,0.7922233300099701
2025-05-19T18:10:17,6.593820648078372,0.6907556056976318,0.7796610169491526
2025-05-19T18:10:38,6.782215523737754,0.6624855995178223,0.7948155533399801
2025-05-19T18:10:59,6.9706103993971364,0.6282863616943359,0.8053838484546361
2025-05-19T18:11:20,7.1590052750565185,0.6388562917709351,0.7964107676969093
2025-05-19T18:11:41,7.347400150715901,0.619971752166748,0.8097706879361914
2025-05-19T18:12:02,7.535795026375283,0.6108189821243286,0.8061814556331007
2025-05-19T18:12:23,7.724189902034665,0.580951452255249,0.8163509471585244
2025-05-19T18:12:43,7.912584777694047,0.5666770339012146,0.8205383848454636
2025-05-19T18:13:04,8.100979653353429,0.618943452835083,0.8031904287138584
2025-05-19T18:13:25,8.289374529012811,0.5585893392562866,0.8215353938185443
2025-05-19T18:13:45,8.477769404672193,0.5626400113105774,0.8243270189431705
2025-05-19T18:14:06,8.666164280331575,0.526400089263916,0.8344965104685942
2025-05-19T18:14:27,8.854559155990957,0.5439803600311279,0.8251246261216351
2025-05-19T18:14:48,9.04295403165034,0.5314373970031738,0.8342971086739781
2025-05-19T18:15:09,9.231348907309721,0.5551875829696655,0.8241276171485543
2025-05-19T18:15:30,9.419743782969103,0.49993231892585754,0.8448654037886341
2025-05-19T18:15:51,9.608138658628485,0.5096140503883362,0.8412761714855433
2025-05-19T18:16:11,9.796533534287867,0.511618971824646,0.8376869391824526
2025-05-19T18:16:31,9.98492840994725,0.5118780136108398,0.8456630109670987
2025-05-19T18:16:51,10.173323285606632,0.482405424118042,0.8518444666001994
2025-05-19T18:17:11,10.361718161266014,0.4735874831676483,0.8544366899302094
2025-05-19T18:17:31,10.550113036925396,0.5269668698310852,0.8344965104685942
2025-05-19T18:17:52,10.738507912584778,0.47637301683425903,0.8496510468594217
2025-05-19T18:18:13,10.92690278824416,0.49391433596611023,0.8448654037886341
2025-05-19T18:18:34,11.115297663903542,0.49147719144821167,0.847258225324028
2025-05-19T18:18:55,11.303692539562924,0.49414268136024475,0.8450648055832503
2025-05-19T18:19:15,11.492087415222306,0.4536646902561188,0.8620139581256231
2025-05-19T18:19:36,11.680482290881688,0.4699379801750183,0.8522432701894317
2025-05-19T18:19:56,11.86887716654107,0.44563281536102295,0.8578265204386839
2025-05-19T18:20:17,12.057272042200452,0.45762157440185547,0.8566301096709871
2025-05-19T18:20:38,12.245666917859834,0.44593650102615356,0.8598205383848455
2025-05-19T18:20:58,12.434061793519216,0.45002394914627075,0.8564307078763709
2025-05-19T18:21:19,12.622456669178598,0.4527106285095215,0.8574277168494516
2025-05-19T18:21:39,12.81085154483798,0.4590643644332886,0.8586241276171486
2025-05-19T18:22:00,12.999246420497363,0.44136008620262146,0.8616151545363908
2025-05-19T18:22:20,13.187641296156745,0.43240007758140564,0.8664007976071785
2025-05-19T18:22:41,13.376036171816127,0.4471420347690582,0.8574277168494516
2025-05-19T18:23:02,13.564431047475509,0.443117618560791,0.8616151545363908
2025-05-19T18:23:22,13.75282592313489,0.44711217284202576,0.859222333000997
2025-05-19T18:23:43,13.941220798794273,0.45537689328193665,0.8542372881355932
2025-05-19T18:24:03,14.129615674453655,0.4279874861240387,0.8640079760717847
2025-05-19T18:24:24,14.318010550113037,0.4201110601425171,0.8666001994017947
2025-05-19T18:24:45,14.506405425772419,0.4246939718723297,0.8664007976071785
2025-05-19T18:25:05,14.694800301431801,0.43979787826538086,0.8628115653040878
2025-05-19T18:25:27,14.883195177091183,0.4068039059638977,0.8761714855433699
2025-05-19T18:25:48,15.071590052750565,0.42557036876678467,0.86580259222333
2025-05-19T18:26:09,15.259984928409947,0.4114382565021515,0.8765702891326022
2025-05-19T18:26:29,15.44837980406933,0.424356609582901,0.8675972083748754
2025-05-19T18:26:50,15.636774679728711,0.406687468290329,0.8767696909272183
2025-05-19T18:27:10,15.825169555388094,0.4363557696342468,0.867198404785643
2025-05-19T18:27:31,16.013564431047474,0.41330957412719727,0.8735792622133599
2025-05-19T18:27:52,16.201959306706858,0.4144641160964966,0.8729810568295114
2025-05-19T18:28:13,16.390354182366238,0.42000457644462585,0.8731804586241276
2025-05-19T18:28:34,16.578749058025622,0.4380749464035034,0.8656031904287138
2025-05-19T18:28:54,16.767143933685002,0.4053463339805603,0.8759720837487538
2025-05-19T18:29:15,16.955538809344386,0.40948501229286194,0.8743768693918246
2025-05-19T18:29:36,17.143933685003766,0.4157296121120453,0.8749750747756729
2025-05-19T18:29:58,17.33232856066315,0.42280706763267517,0.8749750747756729
2025-05-19T18:30:19,17.52072343632253,0.40732985734939575,0.8765702891326022
2025-05-19T18:30:40,17.709118311981914,0.40695494413375854,0.8757726819541376
2025-05-19T18:31:02,17.897513187641295,0.40700241923332214,0.8791625124626121
2025-05-19T18:31:23,18.08590806330068,0.40239858627319336,0.8755732801595214
2025-05-19T18:31:44,18.27430293896006,0.4202819764614105,0.8717846460618146
2025-05-19T18:32:05,18.462697814619442,0.41673552989959717,0.8741774675972084
2025-05-19T18:32:26,18.651092690278823,0.39822039008140564,0.8799601196410768
2025-05-19T18:32:47,18.839487565938207,0.4093976318836212,0.8763708873379861
2025-05-19T18:33:07,19.027882441597587,0.4113686680793762,0.8773678963110668
2025-05-19T18:33:28,19.21627731725697,0.4204520583152771,0.8761714855433699
2025-05-19T18:33:48,19.40467219291635,0.41245439648628235,0.878963110667996
2025-05-19T18:34:08,19.593067068575735,0.4022579789161682,0.8797607178464606
2025-05-19T18:34:29,19.781461944235115,0.3974846601486206,0.8853439680957128
2025-05-19T18:34:49,19.9698568198945,0.4076853394508362,0.8781655034895314
2025-05-19T18:35:09,20.15825169555388,0.402689129114151,0.8817547357926221
2025-05-19T18:35:29,20.346646571213263,0.4330357611179352,0.8731804586241276
2025-05-19T18:35:49,20.535041446872643,0.4041203260421753,0.8809571286141575
2025-05-19T18:36:10,20.723436322532027,0.40184417366981506,0.8853439680957128
2025-05-19T18:36:31,20.911831198191408,0.4075910151004791,0.8863409770687937
2025-05-19T18:36:51,21.10022607385079,0.40348127484321594,0.8851445663010967
2025-05-19T18:37:12,21.28862094951017,0.39912790060043335,0.882951146560319
2025-05-19T18:37:33,21.477015825169556,0.39708247780799866,0.8861415752741775
2025-05-19T18:37:54,21.665410700828936,0.42334938049316406,0.8757726819541376
2025-05-19T18:38:15,21.85380557648832,0.40059342980384827,0.8849451645064805
2025-05-19T18:38:34,22.0422004521477,0.40884748101234436,0.8833499501495513
2025-05-19T18:38:52,22.230595327807084,0.4065971374511719,0.881555333998006
2025-05-19T18:39:13,22.418990203466464,0.3981042802333832,0.8875373878364905
2025-05-19T18:39:34,22.607385079125848,0.3946897089481354,0.8871385842472582
2025-05-19T18:39:55,22.79577995478523,0.41166505217552185,0.8845463609172483
2025-05-19T18:40:16,22.984174830444612,0.4166705906391144,0.8799601196410768
2025-05-19T18:40:37,23.172569706103992,0.39441803097724915,0.8919242273180459
2025-05-19T18:40:58,23.360964581763376,0.41889676451683044,0.881555333998006
2025-05-19T18:41:17,23.549359457422756,0.39993253350257874,0.8865403788634098
2025-05-19T18:41:34,23.73775433308214,0.413813054561615,0.8821535393818545
2025-05-19T18:41:54,23.92614920874152,0.3959197998046875,0.8865403788634098
2025-05-19T18:42:14,24.114544084400904,0.3928920328617096,0.8899302093718844
2025-05-19T18:42:34,24.302938960060285,0.40383318066596985,0.8837487537387837
2025-05-19T18:42:54,24.49133383571967,0.40169984102249146,0.8865403788634098
2025-05-19T18:43:14,24.67972871137905,0.414589524269104,0.886739780658026
2025-05-19T18:43:32,24.868123587038433,0.4056653678417206,0.8923230309072782
2025-05-19T18:43:51,25.056518462697813,0.4048158824443817,0.885543369890329
2025-05-19T18:44:08,25.244913338357197,0.4055406153202057,0.889531405782652
2025-05-19T18:44:28,25.433308214016577,0.4142674505710602,0.8861415752741775
2025-05-19T18:44:49,25.62170308967596,0.39578935503959656,0.8891326021934197
2025-05-19T18:45:09,25.81009796533534,0.4222314953804016,0.8793619142572283
2025-05-19T18:45:29,25.998492840994725,0.42761996388435364,0.8861415752741775
2025-05-19T18:45:49,26.186887716654105,0.4310251772403717,0.8809571286141575
2025-05-19T18:46:09,26.37528259231349,0.41540291905403137,0.886939182452642
2025-05-19T18:46:29,26.56367746797287,0.41606348752975464,0.889531405782652
2025-05-19T18:46:49,26.752072343632253,0.41251441836357117,0.8907278165503489
2025-05-19T18:47:09,26.940467219291634,0.42521166801452637,0.884147557328016
2025-05-19T18:47:30,27.128862094951018,0.4275856018066406,0.884147557328016
2025-05-19T18:47:50,27.317256970610398,0.4212407171726227,0.8889332003988036
2025-05-19T18:48:10,27.50565184626978,0.40656113624572754,0.8877367896311067
2025-05-19T18:48:31,27.694046721929162,0.43191373348236084,0.882951146560319
2025-05-19T18:48:51,27.882441597588546,0.42525792121887207,0.8871385842472582
2025-05-19T18:49:12,28.070836473247926,0.4445980489253998,0.884147557328016
2025-05-19T18:49:32,28.25923134890731,0.4375988245010376,0.8839481555333998
2025-05-19T18:49:52,28.44762622456669,0.43155908584594727,0.8889332003988036
2025-05-19T18:50:12,28.636021100226074,0.42406174540519714,0.888135593220339
2025-05-19T18:50:32,28.824415975885454,0.42299509048461914,0.8883349950149552
2025-05-19T18:50:50,29.012810851544838,0.41986364126205444,0.8903290129611167
2025-05-19T18:51:07,29.20120572720422,0.45158690214157104,0.8801595214356929
2025-05-19T18:51:25,29.389600602863602,0.4332115948200226,0.8865403788634098
2025-05-19T18:51:43,29.577995478522983,0.4349188804626465,0.8917248255234297
2025-05-19T18:52:00,29.766390354182366,0.4306475520133972,0.8917248255234297
2025-05-19T18:52:18,29.954785229841747,0.4368060827255249,0.8853439680957128
2025-05-19T18:52:35,30.14318010550113,0.43805477023124695,0.8843469591226321
2025-05-19T18:52:54,30.33157498116051,0.4481256902217865,0.886939182452642
2025-05-19T18:53:14,30.519969856819895,0.44675183296203613,0.8893320039880359
2025-05-19T18:53:34,30.708364732479275,0.4381767809391022,0.8901296111665005
2025-05-19T18:53:54,30.89675960813866,0.46473294496536255,0.884147557328016
2025-05-19T18:54:13,31.08515448379804,0.44929683208465576,0.8831505483549352
2025-05-19T18:54:32,31.273549359457423,0.4450160264968872,0.8913260219341974
2025-05-19T18:54:52,31.461944235116803,0.4564702808856964,0.8851445663010967
2025-05-19T18:55:12,31.650339110776187,0.4348149001598358,0.8899302093718844
2025-05-19T18:55:32,31.838733986435567,0.44376373291015625,0.8899302093718844
2025-05-19T18:55:53,32.02712886209495,0.43972253799438477,0.889531405782652
2025-05-19T18:56:13,32.21552373775433,0.4415997266769409,0.892123629112662
2025-05-19T18:56:33,32.403918613413715,0.4487617313861847,0.8917248255234297
2025-05-19T18:56:53,32.5923134890731,0.4424670338630676,0.8911266201395812
2025-05-19T18:57:14,32.780708364732476,0.45556211471557617,0.8887337986041874
2025-05-19T18:57:34,32.96910324039186,0.4594578444957733,0.8877367896311067
2025-05-19T18:57:53,33.157498116051244,0.4473690390586853,0.8927218344965104
2025-05-19T18:58:13,33.34589299171063,0.4516163468360901,0.8879361914257228
2025-05-19T18:58:32,33.534287867370004,0.45543745160102844,0.8909272183449651
2025-05-19T18:58:52,33.72268274302939,0.453605592250824,0.8913260219341974
2025-05-19T18:59:11,33.91107761868877,0.4653533399105072,0.8883349950149552
2025-05-19T18:59:31,34.099472494348156,0.459663063287735,0.889531405782652
2025-05-19T18:59:50,34.28786737000753,0.465316504240036,0.886739780658026
2025-05-19T19:00:09,34.476262245666916,0.47008633613586426,0.8887337986041874
2025-05-19T19:00:28,34.6646571213263,0.45966461300849915,0.8897308075772682
2025-05-19T19:00:46,34.853051996985684,0.46342769265174866,0.8923230309072782
2025-05-19T19:01:05,35.04144687264506,0.46879497170448303,0.8887337986041874
2025-05-19T19:01:25,35.229841748304445,0.469756156206131,0.8903290129611167
2025-05-19T19:01:44,35.41823662396383,0.4680088758468628,0.8865403788634098
2025-05-19T19:02:05,35.60663149962321,0.469417542219162,0.8901296111665005
2025-05-19T19:02:26,35.79502637528259,0.4792514145374298,0.8889332003988036
2025-05-19T19:02:47,35.98342125094197,0.46142372488975525,0.8913260219341974
2025-05-19T19:03:07,36.17181612660136,0.47613778710365295,0.8905284147557329
2025-05-19T19:03:28,36.36021100226074,0.4774562120437622,0.8907278165503489
2025-05-19T19:03:48,36.54860587792012,0.4834633767604828,0.8891326021934197
2025-05-19T19:04:08,36.7370007535795,0.4881945848464966,0.889531405782652
2025-05-19T19:04:28,36.925395629238885,0.4908033609390259,0.8847457627118644
2025-05-19T19:04:47,37.11379050489827,0.4767135679721832,0.8905284147557329
2025-05-19T19:05:07,37.302185380557646,0.471190869808197,0.8925224327018944
2025-05-19T19:05:26,37.49058025621703,0.4904366135597229,0.8883349950149552
2025-05-19T19:05:46,37.67897513187641,0.4731181561946869,0.892123629112662
2025-05-19T19:06:06,37.8673700075358,0.4745227098464966,0.8891326021934197
2025-05-19T19:06:26,38.055764883195174,0.47628363966941833,0.8901296111665005
2025-05-19T19:06:46,38.24415975885456,0.48761382699012756,0.8909272183449651
2025-05-19T19:07:06,38.43255463451394,0.4802810251712799,0.8911266201395812
2025-05-19T19:07:26,38.620949510173325,0.5019531846046448,0.8891326021934197
2025-05-19T19:07:45,38.8093443858327,0.4944826066493988,0.889531405782652
2025-05-19T19:08:06,38.997739261492086,0.48747220635414124,0.8909272183449651
2025-05-19T19:08:27,39.18613413715147,0.49311625957489014,0.8931206380857428
2025-05-19T19:08:47,39.374529012810854,0.4868890345096588,0.8899302093718844
2025-05-19T19:09:08,39.56292388847023,0.48824119567871094,0.892123629112662
2025-05-19T19:09:29,39.751318764129614,0.4960380494594574,0.8923230309072782
2025-05-19T19:09:49,39.939713639789,0.4882689416408539,0.8911266201395812
2025-05-19T19:10:09,40.12810851544838,0.48579511046409607,0.8933200398803589
2025-05-19T19:10:28,40.31650339110776,0.4832642078399658,0.8947158524426719
2025-05-19T19:10:48,40.50489826676714,0.495595782995224,0.892123629112662
2025-05-19T19:11:08,40.693293142426526,0.4895917773246765,0.8951146560319043
2025-05-19T19:11:27,40.88168801808591,0.49386849999427795,0.8903290129611167
2025-05-19T19:11:47,41.07008289374529,0.49363189935684204,0.8899302093718844
2025-05-19T19:12:07,41.25847776940467,0.49461522698402405,0.8907278165503489
2025-05-19T19:12:27,41.446872645064055,0.4983949661254883,0.8915254237288136
2025-05-19T19:12:47,41.63526752072344,0.4992694854736328,0.8933200398803589
2025-05-19T19:13:07,41.823662396382815,0.49767202138900757,0.8923230309072782
2025-05-19T19:13:27,42.0120572720422,0.4925370514392853,0.8933200398803589
2025-05-19T19:13:47,42.20045214770158,0.49761152267456055,0.8939182452642074
2025-05-19T19:14:08,42.38884702336097,0.4961997866630554,0.8935194416749751
2025-05-19T19:14:28,42.57724189902034,0.5002685189247131,0.8927218344965104
2025-05-19T19:14:48,42.76563677467973,0.49687060713768005,0.8933200398803589
2025-05-19T19:15:08,42.95403165033911,0.4976215958595276,0.8919242273180459
2025-05-19T19:15:28,43.142426525998495,0.5020567774772644,0.8939182452642074
2025-05-19T19:15:48,43.33082140165787,0.500674843788147,0.8925224327018944
2025-05-19T19:16:08,43.519216277317256,0.5023126602172852,0.8933200398803589
2025-05-19T19:16:28,43.70761115297664,0.5055133700370789,0.8927218344965104
2025-05-19T19:16:47,43.89600602863602,0.5010871887207031,0.8929212362911266
2025-05-19T19:17:07,44.0844009042954,0.49999290704727173,0.8937188434695912
2025-05-19T19:17:26,44.272795779954784,0.49836745858192444,0.8931206380857428
2025-05-19T19:17:46,44.46119065561417,0.4972447454929352,0.8937188434695912
2025-05-19T19:18:06,44.64958553127355,0.5030523538589478,0.8947158524426719
2025-05-19T19:18:26,44.83798040693293,0.49788621068000793,0.8929212362911266
2025-05-19T19:18:46,45.02637528259231,0.5012150406837463,0.8933200398803589
2025-05-19T19:19:06,45.214770158251696,0.5033881664276123,0.8933200398803589
2025-05-19T19:19:26,45.40316503391108,0.5016644597053528,0.8943170488534397
2025-05-19T19:19:46,45.59155990957046,0.5035525560379028,0.8941176470588236
2025-05-19T19:20:06,45.77995478522984,0.5048141479492188,0.8961116650049851
2025-05-19T19:20:26,45.968349660889224,0.5046839118003845,0.8957128614157528
2025-05-19T19:20:45,46.15674453654861,0.5040785670280457,0.8939182452642074
2025-05-19T19:21:05,46.345139412207985,0.5050314664840698,0.8951146560319043
2025-05-19T19:21:24,46.53353428786737,0.5037180185317993,0.8951146560319043
2025-05-19T19:21:43,46.72192916352675,0.5042514204978943,0.8935194416749751
2025-05-19T19:22:03,46.910324039186136,0.505499005317688,0.8947158524426719
2025-05-19T19:22:22,47.09871891484551,0.5046839714050293,0.8953140578265204
2025-05-19T19:22:41,47.2871137905049,0.5045621991157532,0.8931206380857428
2025-05-19T19:23:01,47.47550866616428,0.5034866333007812,0.8945164506480558
2025-05-19T19:23:20,47.663903541823665,0.5040599703788757,0.8937188434695912
2025-05-19T19:23:39,47.85229841748304,0.5035013556480408,0.8945164506480558
2025-05-19T19:23:59,48.040693293142425,0.5044174194335938,0.8943170488534397
2025-05-19T19:24:18,48.22908816880181,0.5049346089363098,0.8949152542372881
2025-05-19T19:24:37,48.41748304446119,0.504315197467804,0.8951146560319043
2025-05-19T19:24:56,48.60587792012057,0.5043874979019165,0.8951146560319043
2025-05-19T19:25:15,48.79427279577995,0.5043210387229919,0.8947158524426719
2025-05-19T19:25:34,48.98266767143934,0.5045329928398132,0.8953140578265204
2025-05-19T19:25:54,49.17106254709872,0.5047668814659119,0.8949152542372881
2025-05-19T19:26:14,49.3594574227581,0.504740834236145,0.8947158524426719
2025-05-19T19:26:34,49.54785229841748,0.5048280954360962,0.8949152542372881
2025-05-19T19:26:53,49.736247174076865,0.5048081278800964,0.8949152542372881
2025-05-19T19:27:13,49.92464204973625,0.5048128962516785,0.8949152542372881
2025-05-19T19:27:22,50.0,0.5073769092559814,0.8911049062624651
2025-05-19T19:30:37,0.37678975131876413,3.1847660541534424,0.08135593220338982
2025-05-19T19:31:13,0.7535795026375283,2.907501697540283,0.14456630109670987
2025-05-19T19:31:49,1.1303692539562924,2.538421154022217,0.2358923230309073
2025-05-19T19:32:25,1.5071590052750565,2.242189407348633,0.31944167497507475
2025-05-19T19:33:01,1.8839487565938207,1.9224385023117065,0.41335992023928214
2025-05-19T19:33:37,2.260738507912585,1.8073841333389282,0.43848454636091727
2025-05-19T19:34:13,2.637528259231349,1.5092406272888184,0.5286141575274177
2025-05-19T19:34:49,3.014318010550113,1.3617273569107056,0.5780658025922233
2025-05-19T19:35:25,3.391107761868877,1.1487789154052734,0.6448654037886341
2025-05-19T19:36:01,3.7678975131876413,1.0190948247909546,0.6811565304087737
2025-05-19T19:36:37,4.1446872645064055,0.9253129363059998,0.7102691924227318
2025-05-19T19:37:08,4.52147701582517,0.8580197095870972,0.7326021934197408
2025-05-19T19:37:40,4.898266767143934,0.8756024837493896,0.7248255234297108
2025-05-19T19:38:13,5.275056518462698,0.7333859801292419,0.7661016949152543
2025-05-19T19:38:46,5.651846269781462,0.7453239560127258,0.7621136590229312
2025-05-19T19:39:20,6.028636021100226,0.727406919002533,0.7666999002991027
2025-05-19T19:39:53,6.40542577241899,0.7376291155815125,0.7583250249252244
2025-05-19T19:40:26,6.782215523737754,0.635158121585846,0.7990029910269193
2025-05-19T19:40:58,7.1590052750565185,0.610053300857544,0.8063808574277168
2025-05-19T19:41:31,7.535795026375283,0.6383944749832153,0.7966101694915254
2025-05-19T19:42:04,7.912584777694047,0.564113438129425,0.8191425722831506
2025-05-19T19:42:37,8.289374529012811,0.5946782827377319,0.8107676969092722
2025-05-19T19:43:10,8.666164280331575,0.5322022438049316,0.8285144566301097
2025-05-19T19:43:42,9.04295403165034,0.5664122700691223,0.8243270189431705
2025-05-19T19:44:14,9.419743782969103,0.5502593517303467,0.8283150548354935
2025-05-19T19:44:45,9.796533534287867,0.5587278008460999,0.8219341974077766
2025-05-19T19:45:17,10.173323285606632,0.5578156113624573,0.8247258225324028
2025-05-19T19:45:48,10.550113036925396,0.5444941520690918,0.8267198404785643
2025-05-19T19:46:21,10.92690278824416,0.5338627099990845,0.8295114656031904
2025-05-19T19:46:53,11.303692539562924,0.5346047878265381,0.8327018943170489
2025-05-19T19:47:25,11.680482290881688,0.49561330676078796,0.8400797607178465
2025-05-19T19:47:57,12.057272042200452,0.49906831979751587,0.8380857427716849
2025-05-19T19:48:29,12.434061793519216,0.5204168558120728,0.8372881355932204
2025-05-19T19:49:02,12.81085154483798,0.49903419613838196,0.846061814556331
2025-05-19T19:49:34,13.187641296156745,0.48381808400154114,0.8436689930209372
2025-05-19T19:50:06,13.564431047475509,0.46607735753059387,0.8542372881355932
2025-05-19T19:50:37,13.941220798794273,0.4965006411075592,0.844666001994018
2025-05-19T19:51:09,14.318010550113037,0.4669686257839203,0.8558325024925224
2025-05-19T19:51:41,14.694800301431801,0.49489325284957886,0.8484546360917248
2025-05-19T19:52:13,15.071590052750565,0.48598799109458923,0.8506480558325025
2025-05-19T19:52:46,15.44837980406933,0.5098558068275452,0.8452642073778664
2025-05-19T19:53:18,15.825169555388094,0.47730255126953125,0.8504486540378864
2025-05-19T19:53:50,16.201959306706858,0.4972060024738312,0.8518444666001994
2025-05-19T19:54:23,16.578749058025622,0.47378841042518616,0.8552342971086739
2025-05-19T19:54:56,16.955538809344386,0.4450688064098358,0.8638085742771685
2025-05-19T19:55:28,17.33232856066315,0.4711284041404724,0.8612163509471585
2025-05-19T19:56:00,17.709118311981914,0.49127739667892456,0.8506480558325025
2025-05-19T19:56:34,18.08590806330068,0.4729626178741455,0.8572283150548355
2025-05-19T19:57:07,18.462697814619442,0.48783740401268005,0.8598205383848455
2025-05-19T19:57:40,18.839487565938207,0.47496065497398376,0.8610169491525423
2025-05-19T19:58:12,19.21627731725697,0.46328797936439514,0.8640079760717847
2025-05-19T19:58:44,19.593067068575735,0.4633066654205322,0.8606181455633101
2025-05-19T19:59:15,19.9698568198945,0.4729444980621338,0.8662013958125623
2025-05-19T19:59:47,20.346646571213263,0.4995343089103699,0.8608175473579263
2025-05-19T20:00:20,20.723436322532027,0.449674129486084,0.8711864406779661
2025-05-19T20:00:52,21.10022607385079,0.4816319942474365,0.8648055832502493
2025-05-19T20:01:25,21.477015825169556,0.49789226055145264,0.8580259222333001
2025-05-19T20:01:57,21.85380557648832,0.45568275451660156,0.8699900299102692
2025-05-19T20:02:30,22.230595327807084,0.4807891845703125,0.8654037886340977
2025-05-19T20:03:03,22.607385079125848,0.45253390073776245,0.8743768693918246
2025-05-19T20:03:36,22.984174830444612,0.45461714267730713,0.8731804586241276
2025-05-19T20:04:09,23.360964581763376,0.4834197461605072,0.8675972083748754
2025-05-19T20:04:41,23.73775433308214,0.5151346921920776,0.8606181455633101
2025-05-19T20:05:13,24.114544084400904,0.4877872169017792,0.8638085742771685
2025-05-19T20:05:46,24.49133383571967,0.48264002799987793,0.8719840478564307
2025-05-19T20:06:17,24.868123587038433,0.5035691857337952,0.8660019940179462
2025-05-19T20:06:49,25.244913338357197,0.486021488904953,0.8713858424725822
2025-05-19T20:07:21,25.62170308967596,0.48885276913642883,0.8733798604187437
2025-05-19T20:07:53,25.998492840994725,0.49454376101493835,0.8735792622133599
2025-05-19T20:08:26,26.37528259231349,0.5060922503471375,0.8695912263210369
2025-05-19T20:08:59,26.752072343632253,0.4749678671360016,0.878963110667996
2025-05-19T20:09:32,27.128862094951018,0.503017783164978,0.8689930209371884
2025-05-19T20:10:05,27.50565184626978,0.5173234939575195,0.86580259222333
2025-05-19T20:10:37,27.882441597588546,0.5301061868667603,0.8654037886340977
2025-05-19T20:11:09,28.25923134890731,0.5218939185142517,0.8681954137587238
2025-05-19T20:11:42,28.636021100226074,0.5053334832191467,0.8755732801595214
2025-05-19T20:12:13,29.012810851544838,0.551224946975708,0.8630109670987038
2025-05-19T20:12:45,29.389600602863602,0.5326180458068848,0.8701894317048854
2025-05-19T20:13:17,29.766390354182366,0.542313277721405,0.8660019940179462
2025-05-19T20:13:47,30.14318010550113,0.5227610468864441,0.8721834496510469
2025-05-19T20:14:18,30.519969856819895,0.5288324356079102,0.872382851445663
2025-05-19T20:14:48,30.89675960813866,0.5471992492675781,0.8699900299102692
2025-05-19T20:15:19,31.273549359457423,0.5548097491264343,0.8675972083748754
2025-05-19T20:15:49,31.650339110776187,0.5162277817726135,0.8797607178464606
2025-05-19T20:16:20,32.02712886209495,0.52666836977005,0.8755732801595214
2025-05-19T20:16:50,32.403918613413715,0.5796502828598022,0.8660019940179462
2025-05-19T20:17:21,32.780708364732476,0.551878035068512,0.8729810568295114
2025-05-19T20:17:52,33.157498116051244,0.5382626056671143,0.8777666999002991
2025-05-19T20:18:22,33.534287867370004,0.5599988102912903,0.8739780658025922
2025-05-19T20:18:52,33.91107761868877,0.5517140030860901,0.8715852442671984
2025-05-19T20:19:23,34.28786737000753,0.5754767656326294,0.8733798604187437
2025-05-19T20:19:54,34.6646571213263,0.5879014134407043,0.8733798604187437
2025-05-19T20:20:25,35.04144687264506,0.5700709223747253,0.8741774675972084
2025-05-19T20:20:55,35.41823662396383,0.5638914108276367,0.8765702891326022
2025-05-19T20:21:26,35.79502637528259,0.5705567598342896,0.8739780658025922
2025-05-19T20:21:56,36.17181612660136,0.5850623846054077,0.8719840478564307
2025-05-19T20:22:27,36.54860587792012,0.5888702869415283,0.8735792622133599
2025-05-19T20:22:58,36.925395629238885,0.5603374242782593,0.8803589232303091
2025-05-19T20:23:28,37.302185380557646,0.5883198976516724,0.8755732801595214
2025-05-19T20:23:58,37.67897513187641,0.5860173106193542,0.872382851445663
2025-05-19T20:24:29,38.055764883195174,0.5867751240730286,0.8793619142572283
2025-05-19T20:24:59,38.43255463451394,0.5819339752197266,0.8757726819541376
2025-05-19T20:25:30,38.8093443858327,0.5865942239761353,0.8785643070787638
2025-05-19T20:26:00,39.18613413715147,0.6085275411605835,0.8755732801595214
2025-05-19T20:26:31,39.56292388847023,0.5925307869911194,0.8761714855433699
2025-05-19T20:27:02,39.939713639789,0.6150962710380554,0.8741774675972084
2025-05-19T20:27:32,40.31650339110776,0.6228562593460083,0.8733798604187437
2025-05-19T20:28:03,40.693293142426526,0.6117568612098694,0.8785643070787638
2025-05-19T20:28:33,41.07008289374529,0.6166822910308838,0.8783649052841476
2025-05-19T20:29:04,41.446872645064055,0.6086776852607727,0.878963110667996
2025-05-19T20:29:34,41.823662396382815,0.6081956028938293,0.878963110667996
2025-05-19T20:30:05,42.20045214770158,0.6253227591514587,0.8757726819541376
2025-05-19T20:30:35,42.57724189902034,0.6225929856300354,0.8755732801595214
2025-05-19T20:31:06,42.95403165033911,0.6343388557434082,0.8727816550348954
2025-05-19T20:31:40,43.33082140165787,0.6253677606582642,0.8781655034895314
2025-05-19T20:32:13,43.70761115297664,0.6226205229759216,0.8791625124626121
2025-05-19T20:32:45,44.0844009042954,0.6341046094894409,0.8759720837487538
2025-05-19T20:33:17,44.46119065561417,0.6288228034973145,0.8767696909272183
2025-05-19T20:33:49,44.83798040693293,0.6302635073661804,0.8753738783649053
2025-05-19T20:34:23,45.214770158251696,0.6321965456008911,0.8767696909272183
2025-05-19T20:34:56,45.59155990957046,0.6348477005958557,0.8745762711864407
2025-05-19T20:35:28,45.968349660889224,0.6353769898414612,0.8745762711864407
2025-05-19T20:36:00,46.345139412207985,0.6340575218200684,0.8749750747756729
2025-05-19T20:36:31,46.72192916352675,0.6339052319526672,0.8773678963110668
2025-05-19T20:37:03,47.09871891484551,0.6348305940628052,0.8765702891326022
2025-05-19T20:37:35,47.47550866616428,0.6339848041534424,0.8751744765702891
2025-05-19T20:38:08,47.85229841748304,0.6347817778587341,0.8745762711864407
2025-05-19T20:38:42,48.22908816880181,0.6355936527252197,0.8755732801595214
2025-05-19T20:39:15,48.60587792012057,0.6370672583580017,0.8751744765702891
2025-05-19T20:39:48,48.98266767143934,0.6366966366767883,0.8751744765702891
2025-05-19T20:40:21,49.3594574227581,0.6362200379371643,0.8751744765702891
2025-05-19T20:40:53,49.736247174076865,0.6363235116004944,0.8753738783649053
2025-05-19T20:41:17,50.0,0.5997204780578613,0.8823294774631033
2025-05-19T20:52:47,0.37678975131876413,3.2913198471069336,0.038085742771684944
2025-05-19T20:53:26,0.7535795026375283,3.0748329162597656,0.11345962113659024
2025-05-19T20:54:05,1.1303692539562924,2.8568453788757324,0.15932203389830507
2025-05-19T20:56:30,1.5071590052750565,2.6442668437957764,0.213160518444666
2025-05-19T20:59:39,1.8839487565938207,2.494802236557007,0.24905284147557327
2025-05-19T21:00:15,2.260738507912585,2.4228646755218506,0.26520438683948155
2025-05-19T21:00:53,2.637528259231349,2.4514756202697754,0.2464606181455633
2025-05-19T21:01:30,3.014318010550113,2.1127548217773438,0.34636091724825524
2025-05-19T21:02:07,3.391107761868877,1.9243847131729126,0.4111665004985045
2025-05-19T21:02:44,3.7678975131876413,1.7230137586593628,0.4717846460618146
2025-05-19T21:03:22,4.1446872645064055,1.6254578828811646,0.4967098703888335
2025-05-19T21:04:02,4.52147701582517,1.5554895401000977,0.521036889332004
2025-05-19T21:04:42,4.898266767143934,1.4719467163085938,0.5371884346959123
2025-05-19T21:05:22,5.275056518462698,1.342231273651123,0.5928215353938185
2025-05-19T21:06:02,5.651846269781462,1.3653044700622559,0.5768693918245265
2025-05-19T21:06:42,6.028636021100226,1.2264442443847656,0.6135593220338983
2025-05-19T21:07:22,6.40542577241899,1.144490361213684,0.6356929212362912
2025-05-19T21:08:02,6.782215523737754,1.076844573020935,0.6574277168494517
2025-05-19T21:08:43,7.1590052750565185,1.1101588010787964,0.6546360917248255
2025-05-19T21:09:23,7.535795026375283,0.9973680377006531,0.688135593220339
2025-05-19T21:10:03,7.912584777694047,0.9129391312599182,0.7110667996011965
2025-05-19T21:10:43,8.289374529012811,0.9797614216804504,0.6949152542372882
2025-05-19T21:11:23,8.666164280331575,0.8394332528114319,0.7353938185443669
2025-05-19T21:12:02,9.04295403165034,0.8813492059707642,0.718444666001994
2025-05-19T21:12:42,9.419743782969103,0.8315915465354919,0.7375872382851446
2025-05-19T21:13:21,9.796533534287867,0.825546383857727,0.738185443668993
2025-05-19T21:14:00,10.173323285606632,0.8044928908348083,0.7457627118644068
2025-05-19T21:14:41,10.550113036925396,0.9113496541976929,0.7108673978065803
2025-05-19T21:15:21,10.92690278824416,0.7246964573860168,0.7674975074775673
2025-05-19T21:16:01,11.303692539562924,0.7142383456230164,0.7738783649052842
2025-05-19T21:16:41,11.680482290881688,0.7640374898910522,0.7635094715852443
2025-05-19T21:17:20,12.057272042200452,0.6798357367515564,0.7836490528414756
2025-05-19T21:17:59,12.434061793519216,0.7319698333740234,0.7661016949152543
2025-05-19T21:18:38,12.81085154483798,0.7320857644081116,0.7702891326021934
2025-05-19T21:19:17,13.187641296156745,0.7079905867576599,0.773678963110668
2025-05-19T21:19:56,13.564431047475509,0.6433185935020447,0.7916251246261217
2025-05-19T21:20:37,13.941220798794273,0.6749130487442017,0.7844466600199402
2025-05-19T21:21:16,14.318010550113037,0.6224625110626221,0.8057826520438683
2025-05-19T21:21:56,14.694800301431801,0.6803722381591797,0.7852442671984048
2025-05-19T21:22:35,15.071590052750565,0.6501690149307251,0.7974077766699901
2025-05-19T21:23:15,15.44837980406933,0.6015409827232361,0.8083748753738783
2025-05-19T21:23:55,15.825169555388094,0.6039913296699524,0.8119641076769691
2025-05-19T21:24:32,16.201959306706858,0.5998907685279846,0.80777666999003
2025-05-19T21:25:10,16.578749058025622,0.6355621814727783,0.8011964107676969
2025-05-19T21:25:49,16.955538809344386,0.5920566916465759,0.8123629112662014
2025-05-19T21:26:29,17.33232856066315,0.5787647366523743,0.8193419740777667
2025-05-19T21:27:10,17.709118311981914,0.5843350291252136,0.8177467597208374
2025-05-19T21:27:48,18.08590806330068,0.6133662462234497,0.8017946161515453
2025-05-19T21:28:28,18.462697814619442,0.6174147725105286,0.8075772681954138
2025-05-19T21:29:07,18.839487565938207,0.5835784077644348,0.8149551345962114
2025-05-19T21:29:45,19.21627731725697,0.5638008713722229,0.8247258225324028
2025-05-19T21:30:24,19.593067068575735,0.5638633966445923,0.824925224327019
2025-05-19T21:31:03,19.9698568198945,0.5508036613464355,0.8205383848454636
2025-05-19T21:31:44,20.346646571213263,0.5657588839530945,0.8271186440677966
2025-05-19T21:32:24,20.723436322532027,0.5152303576469421,0.8392821535393818
2025-05-19T21:33:03,21.10022607385079,0.5691538453102112,0.819740777666999
2025-05-19T21:33:43,21.477015825169556,0.579192578792572,0.819740777666999
2025-05-19T21:34:22,21.85380557648832,0.5688467621803284,0.8227318045862413
2025-05-19T21:35:01,22.230595327807084,0.5401706695556641,0.8267198404785643
2025-05-19T21:35:40,22.607385079125848,0.5452816486358643,0.8295114656031904
2025-05-19T21:36:19,22.984174830444612,0.5295140147209167,0.8325024925224327
2025-05-19T21:36:58,23.360964581763376,0.507432222366333,0.8382851445663011
2025-05-19T21:37:39,23.73775433308214,0.579462468624115,0.8241276171485543
2025-05-19T21:38:18,24.114544084400904,0.47935929894447327,0.8492522432701894
2025-05-19T21:38:57,24.49133383571967,0.5209984183311462,0.8408773678963111
2025-05-19T21:39:36,24.868123587038433,0.5323821902275085,0.8336989032901296
2025-05-19T21:40:14,25.244913338357197,0.5242076516151428,0.8440677966101695
2025-05-19T21:40:53,25.62170308967596,0.5120830535888672,0.8428713858424726
2025-05-19T21:41:32,25.998492840994725,0.5036630034446716,0.8480558325024925
2025-05-19T21:42:13,26.37528259231349,0.47603365778923035,0.8538384845463609
2025-05-19T21:42:53,26.752072343632253,0.5394771695137024,0.8331006979062812
2025-05-19T21:43:31,27.128862094951018,0.5129797458648682,0.8366899302093719
2025-05-19T21:44:10,27.50565184626978,0.5116117596626282,0.8404785643070788
2025-05-19T21:44:50,27.882441597588546,0.5306530594825745,0.8340977068793619
2025-05-19T21:45:28,28.25923134890731,0.5024420619010925,0.8386839481555334
2025-05-19T21:46:08,28.636021100226074,0.4923774003982544,0.8484546360917248
2025-05-19T21:46:47,29.012810851544838,0.5044260621070862,0.8438683948155533
2025-05-19T21:47:27,29.389600602863602,0.5129733681678772,0.8430707876370888
2025-05-19T21:48:06,29.766390354182366,0.4822002351284027,0.8470588235294118
2025-05-19T21:48:45,30.14318010550113,0.491506427526474,0.8482552342971087
2025-05-19T21:49:23,30.519969856819895,0.493209570646286,0.8504486540378864
2025-05-19T21:50:02,30.89675960813866,0.5334876775741577,0.8404785643070788
2025-05-19T21:50:40,31.273549359457423,0.4820168912410736,0.8570289132602193
2025-05-19T21:51:19,31.650339110776187,0.48749980330467224,0.847258225324028
2025-05-19T21:51:57,32.02712886209495,0.5092006325721741,0.8422731804586241
2025-05-19T21:52:36,32.403918613413715,0.4795004725456238,0.8514456630109671
2025-05-19T21:53:14,32.780708364732476,0.47554972767829895,0.8506480558325025
2025-05-19T21:53:52,33.157498116051244,0.47077643871307373,0.8574277168494516
2025-05-19T21:54:31,33.534287867370004,0.49699363112449646,0.8492522432701894
2025-05-19T21:55:10,33.91107761868877,0.47716814279556274,0.8494516450648056
2025-05-19T21:55:49,34.28786737000753,0.4584498405456543,0.8614157527417746
2025-05-19T21:56:28,34.6646571213263,0.5076788067817688,0.8426719840478565
2025-05-19T21:57:06,35.04144687264506,0.45138129591941833,0.861814556331007
2025-05-19T21:57:46,35.41823662396383,0.5109853744506836,0.843469591226321
2025-05-19T21:58:24,35.79502637528259,0.44765645265579224,0.8616151545363908
2025-05-19T21:59:03,36.17181612660136,0.48836925625801086,0.8514456630109671
2025-05-19T21:59:42,36.54860587792012,0.45898351073265076,0.8612163509471585
2025-05-19T22:00:21,36.925395629238885,0.48675668239593506,0.8518444666001994
2025-05-19T22:01:00,37.302185380557646,0.48273539543151855,0.8586241276171486
2025-05-19T22:01:40,37.67897513187641,0.4973999857902527,0.8532402791625124
2025-05-19T22:02:24,38.055764883195174,0.46687543392181396,0.8578265204386839
2025-05-19T22:03:03,38.43255463451394,0.46838751435279846,0.8568295114656032
2025-05-19T22:03:42,38.8093443858327,0.4653295874595642,0.8536390827517447
2025-05-19T22:04:21,39.18613413715147,0.47573524713516235,0.8558325024925224
2025-05-19T22:05:00,39.56292388847023,0.4691244661808014,0.8568295114656032
2025-05-19T22:05:40,39.939713639789,0.48744702339172363,0.8600199401794616
2025-05-19T22:06:18,40.31650339110776,0.4573271870613098,0.86580259222333
2025-05-19T22:06:58,40.693293142426526,0.454155296087265,0.8636091724825523
2025-05-19T22:07:38,41.07008289374529,0.4916025400161743,0.8586241276171486
2025-05-19T22:08:17,41.446872645064055,0.4777171313762665,0.8582253240279163
2025-05-19T22:08:56,41.823662396382815,0.46650710701942444,0.8604187437686939
2025-05-19T22:09:37,42.20045214770158,0.47833672165870667,0.8568295114656032
2025-05-19T22:10:16,42.57724189902034,0.4623209536075592,0.8610169491525423
2025-05-19T22:10:55,42.95403165033911,0.4821239411830902,0.8596211365902293
2025-05-19T22:11:33,43.33082140165787,0.4891975522041321,0.8590229312063808
2025-05-19T22:12:12,43.70761115297664,0.478476881980896,0.8564307078763709
2025-05-19T22:12:53,44.0844009042954,0.4290930926799774,0.869790628115653
2025-05-19T22:13:32,44.46119065561417,0.46025994420051575,0.8590229312063808
2025-05-19T22:14:12,44.83798040693293,0.4453479051589966,0.8606181455633101
2025-05-19T22:14:52,45.214770158251696,0.463804692029953,0.86580259222333
2025-05-19T22:15:32,45.59155990957046,0.4984475374221802,0.8540378863409771
2025-05-19T22:16:11,45.968349660889224,0.45836731791496277,0.8664007976071785
2025-05-19T22:16:51,46.345139412207985,0.46796801686286926,0.861814556331007
2025-05-19T22:17:30,46.72192916352675,0.49015912413597107,0.8504486540378864
2025-05-19T22:18:09,47.09871891484551,0.4458406865596771,0.8701894317048854
2025-05-19T22:18:48,47.47550866616428,0.45896315574645996,0.867198404785643
2025-05-19T22:19:27,47.85229841748304,0.4682833254337311,0.8590229312063808
2025-05-19T22:20:06,48.22908816880181,0.4501304626464844,0.866999002991027
2025-05-19T22:20:47,48.60587792012057,0.4469450116157532,0.8673978065802592
2025-05-19T22:21:27,48.98266767143934,0.45210954546928406,0.8634097706879362
2025-05-19T22:22:07,49.3594574227581,0.46147289872169495,0.8614157527417746
2025-05-19T22:22:47,49.736247174076865,0.44498103857040405,0.8701894317048854
2025-05-19T22:23:26,50.113036925395626,0.4356670081615448,0.8707876370887337
2025-05-19T22:24:07,50.489826676714394,0.42319437861442566,0.8761714855433699
2025-05-19T22:24:46,50.866616428033154,0.45200902223587036,0.8656031904287138
2025-05-19T22:25:27,51.24340617935192,0.45028382539749146,0.8703888334995015
2025-05-19T22:26:06,51.62019593067068,0.4492396414279938,0.8677966101694915
2025-05-19T22:26:45,51.99698568198945,0.4647105038166046,0.8636091724825523
2025-05-19T22:27:24,52.37377543330821,0.47622689604759216,0.8600199401794616
2025-05-19T22:28:04,52.75056518462698,0.43727046251296997,0.8725822532402792
2025-05-19T22:28:43,53.12735493594574,0.43961551785469055,0.8759720837487538
2025-05-19T22:29:22,53.50414468726451,0.44659122824668884,0.8719840478564307
2025-05-19T22:30:01,53.88093443858327,0.4488082528114319,0.8711864406779661
2025-05-19T22:30:41,54.257724189902035,0.45333003997802734,0.8660019940179462
2025-05-19T22:31:20,54.634513941220796,0.44939857721328735,0.8745762711864407
2025-05-19T22:31:59,55.01130369253956,0.45902931690216064,0.8662013958125623
2025-05-19T22:32:38,55.388093443858324,0.454839289188385,0.8707876370887337
2025-05-19T22:33:17,55.76488319517709,0.43880653381347656,0.8707876370887337
2025-05-19T22:33:57,56.14167294649585,0.44889122247695923,0.8707876370887337
2025-05-19T22:34:40,56.51846269781462,0.43304046988487244,0.8747756729810569
2025-05-19T22:35:19,56.89525244913338,0.4599153697490692,0.8666001994017947
2025-05-19T22:35:59,57.27204220045215,0.45042353868484497,0.8725822532402792
2025-05-19T22:36:38,57.64883195177091,0.460635781288147,0.8650049850448654
2025-05-19T22:37:18,58.025621703089676,0.4254908561706543,0.8765702891326022
2025-05-19T22:37:56,58.40241145440844,0.4568555951118469,0.8695912263210369
2025-05-19T22:38:36,58.779201205727205,0.4810567796230316,0.859222333000997
2025-05-19T22:39:15,59.155990957045965,0.440444678068161,0.8679960119641077
2025-05-19T22:39:57,59.53278070836473,0.46070948243141174,0.8640079760717847
2025-05-19T22:40:36,59.90957045968349,0.4618774652481079,0.8729810568295114
2025-05-19T22:41:15,60.28636021100226,0.43979254364967346,0.8727816550348954
2025-05-19T22:41:54,60.66314996232102,0.46917256712913513,0.8729810568295114
2025-05-19T22:42:34,61.03993971363979,0.4681173264980316,0.866999002991027
2025-05-19T22:43:13,61.41672946495855,0.44203025102615356,0.8787637088733798
2025-05-19T22:43:52,61.79351921627732,0.4318322241306305,0.8759720837487538
2025-05-19T22:44:31,62.17030896759608,0.4408337473869324,0.8707876370887337
2025-05-19T22:45:10,62.547098718914846,0.4229455292224884,0.8785643070787638
2025-05-19T22:45:51,62.92388847023361,0.4164835512638092,0.8793619142572283
2025-05-19T22:46:29,63.300678221552374,0.45206889510154724,0.8739780658025922
2025-05-19T22:47:09,63.677467972871135,0.43907344341278076,0.8759720837487538
2025-05-19T22:47:48,64.0542577241899,0.4502949118614197,0.8733798604187437
2025-05-19T22:48:27,64.43104747550866,0.44021567702293396,0.8781655034895314
2025-05-19T22:49:08,64.80783722682743,0.45279648900032043,0.8679960119641077
2025-05-19T22:49:47,65.1846269781462,0.4451242983341217,0.8751744765702891
2025-05-19T22:50:26,65.56141672946495,0.461448073387146,0.872382851445663
2025-05-19T22:51:05,65.93820648078372,0.44278326630592346,0.8739780658025922
2025-05-19T22:51:44,66.31499623210249,0.4354238510131836,0.8793619142572283
2025-05-19T22:52:22,66.69178598342125,0.4366338849067688,0.8785643070787638
2025-05-19T22:53:01,67.06857573474001,0.44401273131370544,0.8737786640079761
2025-05-19T22:53:41,67.44536548605878,0.43125468492507935,0.8797607178464606
2025-05-19T22:54:20,67.82215523737754,0.4403790533542633,0.8811565304087737
2025-05-19T22:54:59,68.19894498869631,0.448679655790329,0.8783649052841476
2025-05-19T22:55:38,68.57573474001506,0.4405542016029358,0.8753738783649053
2025-05-19T22:56:17,68.95252449133383,0.4577593505382538,0.8735792622133599
2025-05-19T22:56:56,69.3293142426526,0.44343477487564087,0.8729810568295114
2025-05-19T22:57:33,69.70610399397137,0.42564308643341064,0.8807577268195413
2025-05-19T22:58:12,70.08289374529012,0.4550882875919342,0.8685942173479562
2025-05-19T22:58:49,70.45968349660889,0.4705093204975128,0.8755732801595214
2025-05-19T22:59:28,70.83647324792766,0.4472968280315399,0.8775672981056829
2025-05-19T23:00:11,71.21326299924642,0.4291338324546814,0.8777666999002991
2025-05-19T23:00:55,71.59005275056518,0.4461173117160797,0.8779661016949153
2025-05-19T23:19:42,0.3768607499528924,0.46899935603141785,0.8897308075772682
2025-05-19T23:23:04,0.7537214999057849,0.33039459586143494,0.9062811565304087
2025-05-19T23:26:21,1.1305822498586773,0.2814842164516449,0.9188434695912263
2025-05-19T23:29:41,1.5074429998115697,0.2856033444404602,0.9204386839481555
2025-05-19T23:32:58,1.8843037497644621,0.25705716013908386,0.9284147557328016
2025-05-19T23:36:14,2.2611644997173546,0.26979026198387146,0.922432701894317
2025-05-19T23:39:30,2.638025249670247,0.2842702269554138,0.9270189431704885
2025-05-19T23:42:42,3.0148859996231394,0.2772352993488312,0.9292123629112662
2025-05-19T23:45:58,3.391746749576032,0.298843652009964,0.9268195413758724
2025-05-19T23:49:13,3.7686074995289243,0.2892065942287445,0.9308075772681954
2025-05-19T23:52:30,4.145468249481817,0.27942007780075073,0.9339980059820538
2025-05-19T23:55:45,4.522328999434709,0.3079769015312195,0.9270189431704885
2025-05-19T23:59:01,4.8991897493876015,0.2877601683139801,0.9337986041874377
2025-05-20T00:02:15,5.276050499340494,0.29546695947647095,0.93678963110668
2025-05-20T00:05:30,5.652911249293386,0.31143704056739807,0.9349950149551346
2025-05-20T00:08:44,6.029771999246279,0.3208919167518616,0.9347956131605184
2025-05-20T00:11:58,6.406632749199171,0.30933111906051636,0.9371884346959123
2025-05-20T00:15:13,6.783493499152064,0.3016039729118347,0.9385842472582253
2025-05-20T00:18:28,7.160354249104956,0.3065713047981262,0.9385842472582253
2025-05-20T00:21:40,7.5372149990578485,0.324212908744812,0.9359920239282153
2025-05-20T00:24:53,7.91407574901074,0.3301699757575989,0.938185443668993
2025-05-20T00:28:08,8.290936498963633,0.34905633330345154,0.9345962113659023
2025-05-20T00:31:23,8.667797248916525,0.3602249324321747,0.9387836490528415
2025-05-20T00:34:39,9.044657998869418,0.3557325601577759,0.9371884346959123
2025-05-20T00:37:51,9.42151874882231,0.3455890119075775,0.9385842472582253
2025-05-20T00:41:08,9.798379498775203,0.3530659079551697,0.9395812562313061
2025-05-20T00:44:21,10.175240248728095,0.3980649709701538,0.9343968095712861
2025-05-20T00:47:35,10.552100998680988,0.34348079562187195,0.9429710867397807
2025-05-20T00:50:48,10.92896174863388,0.3951462507247925,0.9337986041874377
2025-05-20T00:54:02,11.305822498586773,0.3908945918083191,0.9351944167497508
2025-05-20T00:57:17,11.682683248539664,0.38785189390182495,0.9363908275174476
2025-05-20T01:00:29,12.059543998492558,0.3928978145122528,0.9399800598205383
2025-05-20T01:03:43,12.43640474844545,0.3561340272426605,0.9439680957128614
2025-05-20T01:06:55,12.813265498398343,0.4253891706466675,0.9363908275174476
2025-05-20T01:10:08,13.190126248351234,0.4595149755477905,0.9320039880358924
2025-05-20T01:13:20,13.566986998304127,0.4254172444343567,0.9371884346959123
2025-05-20T01:16:35,13.943847748257019,0.3758470118045807,0.9413758723828515
2025-05-20T01:19:46,14.320708498209912,0.3801436424255371,0.9409770687936192
2025-05-20T01:23:03,14.697569248162804,0.3896966278553009,0.9383848454636091
2025-05-20T01:26:14,15.074429998115697,0.3982713222503662,0.9399800598205383
2025-05-20T01:29:30,15.451290748068589,0.39055898785591125,0.9409770687936192
2025-05-20T01:32:44,15.82815149802148,0.392048716545105,0.9379860418743768
2025-05-20T01:35:58,16.205012247974373,0.38704749941825867,0.943369890329013
2025-05-20T01:39:13,16.581872997927267,0.4160654842853546,0.9385842472582253
2025-05-20T01:42:26,16.95873374788016,0.39878663420677185,0.9411764705882353
2025-05-20T01:45:43,17.33559449783305,0.39970678091049194,0.9399800598205383
2025-05-20T01:48:58,17.712455247785943,0.4049712121486664,0.9403788634097707
2025-05-20T01:52:15,18.089315997738836,0.43460506200790405,0.9399800598205383
2025-05-20T01:55:28,18.466176747691726,0.39784732460975647,0.9423728813559322
2025-05-20T01:58:44,18.84303749764462,0.4444715082645416,0.9375872382851446
2025-05-20T02:01:57,19.219898247597513,0.43406790494918823,0.9395812562313061
2025-05-20T02:05:13,19.596758997550406,0.4246593117713928,0.9425722831505483
2025-05-20T02:08:30,19.973619747503296,0.40031784772872925,0.9457627118644067
2025-05-20T02:11:45,20.35048049745619,0.41470253467559814,0.9437686939182452
2025-05-20T02:14:59,20.727341247409083,0.4295256733894348,0.9397806580259223
2025-05-20T02:18:11,21.104201997361976,0.38296622037887573,0.9453639082751745
2025-05-20T02:21:24,21.481062747314866,0.43109992146492004,0.9417746759720838
2025-05-20T02:24:39,21.85792349726776,0.45689037442207336,0.9371884346959123
2025-05-20T02:27:51,22.234784247220652,0.4267923831939697,0.9405782652043868
2025-05-20T02:31:04,22.611644997173546,0.4024609923362732,0.9427716849451645
2025-05-20T02:34:20,22.988505747126435,0.3925010859966278,0.9451645064805583
2025-05-20T02:37:33,23.36536649707933,0.454597532749176,0.9363908275174476
2025-05-20T02:40:49,23.742227247032222,0.4077308773994446,0.944765702891326
2025-05-20T02:44:02,24.119087996985115,0.41249167919158936,0.9455633100697907
2025-05-20T02:47:21,24.495948746938005,0.42543745040893555,0.940777666999003
2025-05-20T02:50:45,24.8728094968909,0.3825056552886963,0.9469591226321037
2025-05-20T02:54:12,25.24967024684379,0.40582236647605896,0.944765702891326
2025-05-20T02:57:37,25.626530996796685,0.44659876823425293,0.9435692921236292
2025-05-20T03:01:02,26.003391746749575,0.3922090530395508,0.9459621136590229
2025-05-20T03:04:26,26.380252496702468,0.42300277948379517,0.9411764705882353
2025-05-20T03:07:50,26.75711324665536,0.4192533791065216,0.9445663010967099
2025-05-20T03:11:15,27.133973996608255,0.42402753233909607,0.9445663010967099
2025-05-20T03:14:39,27.510834746561144,0.44991183280944824,0.9419740777667
2025-05-20T03:18:03,27.887695496514038,0.426018625497818,0.9443668993020937
2025-05-20T03:21:28,28.26455624646693,0.3939416706562042,0.9479561316051844
2025-05-20T03:24:52,28.641416996419824,0.4017784595489502,0.9459621136590229
2025-05-20T03:28:16,29.018277746372714,0.41333040595054626,0.9451645064805583
2025-05-20T03:31:40,29.395138496325607,0.4465009272098541,0.9411764705882353
2025-05-20T03:35:04,29.7719992462785,0.4435568153858185,0.9419740777667
2025-05-20T03:38:29,30.148859996231394,0.4046548306941986,0.9477567298105682
2025-05-20T03:41:53,30.525720746184284,0.4522778391838074,0.9415752741774676
2025-05-20T03:45:17,30.902581496137177,0.4149715304374695,0.9463609172482552
2025-05-20T03:48:41,31.27944224609007,0.4116854965686798,0.9489531405782652
2025-05-20T03:52:06,31.656302996042964,0.4671541154384613,0.9425722831505483
2025-05-20T03:55:30,32.03316374599586,0.435857892036438,0.9435692921236292
2025-05-20T03:58:54,32.41002449594875,0.4341537058353424,0.9437686939182452
2025-05-20T04:02:19,32.78688524590164,0.4334375262260437,0.9425722831505483
2025-05-20T04:05:44,33.16374599585453,0.43677911162376404,0.9461615154536391
2025-05-20T04:09:08,33.54060674580742,0.4388188123703003,0.9455633100697907
2025-05-20T04:12:33,33.91746749576032,0.4627920389175415,0.943369890329013
2025-05-20T04:15:56,34.29432824571321,0.4553387761116028,0.9463609172482552
2025-05-20T04:19:20,34.6711889956661,0.42887645959854126,0.9489531405782652
2025-05-20T04:22:45,35.048049745619,0.4247768521308899,0.9489531405782652
2025-05-20T04:26:08,35.424910495571886,0.4592849910259247,0.9457627118644067
2025-05-20T04:29:33,35.801771245524776,0.5031778216362,0.9439680957128614
2025-05-20T04:32:57,36.17863199547767,0.4609064757823944,0.9467597208374875
2025-05-20T04:36:21,36.55549274543056,0.4539276659488678,0.9475573280159522
2025-05-20T04:39:44,36.93235349538345,0.45758146047592163,0.9459621136590229
2025-05-20T04:43:08,37.30921424533635,0.44032809138298035,0.9493519441674975
2025-05-20T04:46:32,37.68607499528924,0.4571819603443146,0.9477567298105682
2025-05-20T04:49:56,38.062935745242136,0.4549258351325989,0.9459621136590229
2025-05-20T04:53:21,38.439796495195026,0.43838196992874146,0.9477567298105682
2025-05-20T04:56:45,38.816657245147915,0.4485912024974823,0.9489531405782652
2025-05-20T05:00:10,39.19351799510081,0.46400272846221924,0.9491525423728814
2025-05-20T05:03:33,39.5703787450537,0.4652024507522583,0.9489531405782652
2025-05-20T05:06:58,39.94723949500659,0.48382332921028137,0.9467597208374875
2025-05-20T05:10:23,40.32410024495949,0.45788195729255676,0.9475573280159522
2025-05-20T05:13:47,40.70096099491238,0.4746251106262207,0.9485543369890329
2025-05-20T05:17:12,41.077821744865275,0.4775514304637909,0.947357926221336
2025-05-20T05:20:36,41.454682494818165,0.4784722924232483,0.9475573280159522
2025-05-20T05:24:01,41.831543244771055,0.48065072298049927,0.9459621136590229
2025-05-20T05:27:24,42.20840399472395,0.473809152841568,0.9487537387836491
2025-05-20T05:30:48,42.58526474467684,0.5003013610839844,0.9461615154536391
2025-05-20T05:34:12,42.96212549462973,0.48092469573020935,0.9487537387836491
2025-05-20T05:37:36,43.33898624458263,0.4496438801288605,0.9515453639082752
2025-05-20T05:41:00,43.71584699453552,0.4739037752151489,0.9475573280159522
2025-05-20T05:44:25,44.092707744488415,0.47905269265174866,0.9479561316051844
2025-05-20T05:47:49,44.469568494441305,0.487479567527771,0.9481555333998006
2025-05-20T05:51:12,44.846429244394194,0.46754422783851624,0.9513459621136591
2025-05-20T05:54:36,45.22328999434709,0.4948446750640869,0.9487537387836491
2025-05-20T05:58:00,45.60015074429998,0.49475955963134766,0.9481555333998006
2025-05-20T06:01:25,45.97701149425287,0.4841962456703186,0.9495513459621137
2025-05-20T06:04:49,46.35387224420577,0.4807194173336029,0.9515453639082752
2025-05-20T06:08:14,46.73073299415866,0.4876650869846344,0.9503489531405782
2025-05-20T06:11:38,47.107593744111554,0.48353132605552673,0.9503489531405782
2025-05-20T06:15:02,47.484454494064444,0.4982243776321411,0.9489531405782652
2025-05-20T06:18:26,47.861315244017334,0.47642770409584045,0.9507477567298106
2025-05-20T06:21:50,48.23817599397023,0.47636500000953674,0.9509471585244267
2025-05-20T06:25:15,48.61503674392312,0.48338553309440613,0.9515453639082752
2025-05-20T06:28:40,48.99189749387601,0.48006102442741394,0.9493519441674975
2025-05-20T06:32:05,49.36875824382891,0.4923478066921234,0.9491525423728814
2025-05-20T06:35:29,49.7456189937818,0.46243563294410706,0.9519441674975074
2025-05-20T06:37:45,50.0,0.5546463131904602,0.9441563621858795
